id,target,name,location,phone,email,instagram,status,notes
1,estetica,Clinica Villa Bella,Salò (BS),0365 41446,info@villabella.it,@villa_bella_clinic,new,
2,estetica,Dr. Matteo Basso,Milano (MI),02 4851 9500,info@matteobasso.it,@dr.matteobasso,new,
3,estetica,Clinica Juneco Milano,Milano (MI),02 4351 2045,milano@juneco.it,@juneco_estetica,new,
4,estetica,Dr. Marco Klinger,Milano (MI),02 5831 4356,info@marcoklinger.com,@dr.marcoklinger,new,
5,estetica,Clinica Villa Donatello,Firenze (FI),055 50971,info@villadonatello.it,@villadonatello,new,
6,estetica,Dr. Carlo Gasperoni,Roma (RM),06 322 4324,carlo.gasperoni@gmail.com,@dr.carlogasperoni,new,
7,estetica,Clinica Estetica Laser,Bologna (BO),051 223456,info@esteticalaser.it,@clinicaesteticalaser,new,
8,estetica,Dr.ssa Elena Fasola,Milano (MI),02 8945 8741,info@elenafasola.com,@dr.elenafasola,new,
9,estetica,Clinica Città di Parma,Parma (PR),0521 249611,info@clinicaparma.it,@clinicacittadiparma,new,
10,estetica,Dr. Domenico Miccolis,Bari (BA),080 521 1122,info@domenicomiccolis.it,@dr_domenico_miccolis,new,
11,estetica,Clinica Ruesch,Napoli (NA),081 717 8111,info@clinicaruesch.it,@clinicaruesch,new,
12,estetica,Dr. Sergio Noviello,Milano (MI),02 7631 8234,info@sergionoviello.it,@dr.sergionoviello,new,
13,estetica,Clinica Sempione,Milano (MI),02 3456 7891,info@clinicasempione.it,@clinicasempione_estetica,new,
14,estetica,Dr. Pierfrancesco Bove,Napoli (NA),081 1930 2056,info@pierfrancescobove.it,@dr.pierfrancescobove,new,
15,estetica,Clinica San Domenico,Roma (RM),06 4423 0512,info@clinicasandomenico.it,@clinicasandomenico,new,
16,estetica,Dr. Renato Calabria,Roma (RM),06 3600 3768,info@drrenatocalabria.com,@drrenatocalabria,new,
17,estetica,Clinica Medilaser,Torino (TO),011 561 2233,info@medilaser.it,@medilaser_clinic,new,
18,estetica,Dr. Valerio Badiali,Milano (MI),02 6671 2244,info@valeriobadiali.it,@dr.valeriobadiali,new,
19,estetica,Clinica Parioli,Roma (RM),06 807 771,info@clinicaparioli.it,@clinicaparioli,new,
20,estetica,Dr. Vincenzo Del Gaudio,Salerno (SA),089 223411,info@vincenzodelgaudio.it,@dr.vincenzodelgaudio,new,
21,estetica,Clinica Sant'Anna,Caserta (CE),0823 234111,info@clinicasantanna.it,@clinicasantannacaserta,new,
22,estetica,Dr.ssa Maria Stella Tarico,Catania (CT),095 531333,info@taricoclinic.com,@dr.ssa_tarico_chirurgia,new,
23,estetica,Clinica Estetica Fontana,Venezia (VE),041 523 4511,info@clinicafontana.it,@clinicafontana,new,
24,estetica,Dr. Paolo Santanchè,Milano (MI),02 2940 3746,paolo@santanche.com,@dr.paolosantanche,new,
25,estetica,Clinica Villa Bianca,Trento (TN),0461 983111,info@villabianca.it,@clinicavillabianca,new,
26,estetica,Dr. Luca Grassetti,Ancona (AN),071 207 3344,info@lucagrassetti.it,@dr.lucagrassetti,new,
27,estetica,Clinica Columbus,Milano (MI),02 480801,info@columbusclinic.it,@columbusclinicpartner,new,
28,estetica,Dr. Carlo Tremolada,Milano (MI),02 7600 0081,info@carlotremolada.com,@carlotremolada,new,
29,estetica,Clinica Pierangeli,Pescara (PE),085 22911,info@clinicapierangeli.it,@clinicapierangeli,new,
30,estetica,Dr. Francesco D'Andrea,Napoli (NA),081 746 1111,info@francescodandrea.it,@prof.francescodandrea,new,
31,estetica,Clinica Villa del Sole,Catanzaro (CZ),0961 743456,info@villadelsole.it,@clinicavilladelsole,new,
32,estetica,Dr. Alessandro Gualdi,Milano (MI),02 7600 5476,info@alessandrogualdi.com,@dr.alessandrogualdi,new,
33,estetica,Clinica Medeste,Palermo (PA),091 625 9945,info@medeste.it,@medeste_clinic,new,
34,estetica,Dr. Gianluca Campiglio,Milano (MI),02 7602 1451,info@gianlucacampiglio.it,@dr.gianlucacampiglio,new,
35,estetica,Clinica Villa Maria,Padova (PD),049 871 1122,info@clinicavillamaria.it,@clinicavillamaria,new,
36,estetica,Dr. Silvio Smeraglia,Napoli (NA),081 578 8888,info@smeraglinaclinic.com,@drsmeraglia,new,
37,estetica,Clinica Nuova Villa Claudia,Roma (RM),06 367971,info@villaclaudia.it,@nuovavillaclaudia,new,
38,estetica,Dr. Alberto Massirone,Milano (MI),02 2951 8835,info@albertomassirone.com,@dr.albertomassirone,new,
39,estetica,Clinica San Rossore,Pisa (PI),050 586111,info@casadicurasanrossore.it,@clinicasanrossore,new,
40,estetica,Dr. Ciro De Sio,Roma (RM),06 321 2134,info@cirodesio.it,@dr.cirodesio,new,
41,estetica,Clinica Privata Villalba,Bologna (BO),051 6443111,info@villalbaprivata.it,@clinicaprivatavillalba,new,
42,estetica,Dr. Giulio Basoccu,Roma (RM),06 322 3411,info@studiobasoccu.com,@dr.giuliobasoccu,new,
43,estetica,Clinica Sedes Sapientiae,Torino (TO),011 439 5111,info@sedessapientiae.it,@clinicasedes,new,
44,estetica,Dr. Antonio Spagnolo,Milano (MI),02 3652 3550,info@antoniospagnolo.it,@dr_antonio_spagnolo,new,
45,estetica,Clinica Villa Margherita,Roma (RM),06 862751,info@clinicavillamargherita.it,@clinicavillamargherita,new,
46,estetica,Dr. Andrea Grisotti,Milano (MI),02 8645 1952,info@andreagrisotti.it,@dr.andreagrisotti,new,
47,estetica,Clinica La Vialarda,Biella (BI),015 351181,info@lavialarda.it,@clinicalavialarda,new,
48,estetica,Dr. Franz W. Baruffaldi,Verona (VR),045 803 2234,info@baruffaldischer.it,@dr.baruffaldi,new,
49,estetica,Clinica Villa Stuart,Roma (RM),06 355281,info@villastuart.it,@clinicavillastuart,new,
50,estetica,Dr. Marco Castelli,Lugano/Milano,02 5462 8844,info@marcocastelli.com,@dr.marcocastelli,new,
51,realestate,Lionard Luxury Real Estate,Firenze (FI),055 05481,info@lionard.com,@lionard_luxury_real_estate,new,
52,realestate,Italy Sotheby's Realty,Milano (MI),02 795980,italy@sothebysrealty.it,@italysothebysrealty,new,
53,realestate,Engel & Völkers Castiglione,Castiglione (GR),0564 938082,castiglionedellapescaia@engelvoelkers.com,@engelvoelkers_italy,new,
54,realestate,Carratelli Real Estate,Roma (RM),06 6880 7642,info@carratellire.com,@carratellirealestate,new,
55,realestate,Romolini Immobiliare,Anghiari (AR),0575 788948,info@romolini.com,@christiesrealestate,new,
56,realestate,Dreamer Real Estate,Firenze (FI),055 045 7062,info@dreamer.it,@dreamer_realestate,new,
57,realestate,Giorgio Viganò Real Estate,Milano (MI),02 7636151,info@giorgiovigano.com,@giorgio_vigano_real_estate,new,
58,realestate,Berkshire Hathaway HomeServices,Milano (MI),02 8718 8495,info@maggi.it,@berkshirehathawayhs_italy,new,
59,realestate,Coldwell Banker Luxury,Roma (RM),06 321 8355,luxury@coldwellbanker.it,@coldwellbankeritaly,new,
60,realestate,Santandrea Luxury Houses,Milano (MI),02 77551,info@santandrea.it,@santandrealuxury,new,
61,realestate,Luxgallery,Milano (MI),02 8822 5111,info@luxgallery.it,@luxgallery_realestate,new,
62,realestate,Porta Nuova Real Estate,Milano (MI),02 4953 2341,info@portanuovare.it,@portanuova_realestate,new,
63,realestate,Ville di Pregio,Como (CO),031 263111,info@villedipregio.com,@villedipregio_como,new,
64,realestate,Tirelli & Partners,Milano (MI),02 805 1673,info@tirelliandpartners.com,@tirelliandpartners,new,
65,realestate,John Taylor Luxury,Milano (MI),02 8088 6446,milan@john-taylor.com,@johntaylorluxury,new,
66,realestate,Residenze di Pregio,Roma (RM),06 4433 2244,info@residenzedipregio.it,@residenze_di_pregio,new,
67,realestate,Knight Frank Italy,Firenze (FI),055 218456,firenze@knightfrank.it,@knightfrank,new,
68,realestate,Italy Luxury Property,Siena (SI),0577 221155,info@italyluxury.it,@italy_luxury_property,new,
69,realestate,Dimore Storiche,Lucca (LU),0583 490595,info@dimore-storiche.com,@dimorestoriche_realestate,new,
70,realestate,Prestige Property Italy,Venezia (VE),041 520 9005,info@prestigeproperty.it,@prestige_property_italy,new,
71,realestate,Lake Como Luxury Real Estate,Menaggio (CO),0344 32014,info@lakecomo.com,@lakecomoluxury,new,
72,realestate,Stresa Luxury Real Estate,Stresa (VB),0323 31122,info@stresaluxury.com,@stresaluxury,new,
73,realestate,Forte dei Marmi Villas,Forte dei Marmi,0584 89832,info@fortedeimarmivillas.com,@fortedeimarmivillas,new,
74,realestate,Tuscany Sotheby's,Firenze (FI),055 075 1888,tuscany@sothebysrealty.it,@italysothebysrealty,new,
75,realestate,Rome Luxury Homes,Roma (RM),06 6979 7511,info@romeluxuryhomes.com,@romeluxuryhomes,new,
76,realestate,Sardinia Luxury Real Estate,Porto Cervo (SS),0789 906012,sardinia@sothebysrealty.it,@sardinia_luxury_properties,new,
77,realestate,Exclusive Real Estate,Napoli (NA),081 556 7890,info@exclusivere.it,@exclusive_realestate,new,
78,realestate,Ville & Casali RE,Perugia (PG),075 573 0156,info@villeecasali.it,@villeecasali_realestate,new,
79,realestate,Fontana Immobiliare,Monza (MB),039 367151,info@fontanaimmobiliare.it,@fontana_immobiliare,new,
80,realestate,Studio di Pregio,Torino (TO),011 569 2234,info@studiodipregio.it,@studio_di_pregio,new,
81,realestate,Luxer Real Estate,Milano (MI),02 8833 4455,info@luxer.it,@luxer_realestate,new,
82,realestate,Liguria Homes Casamare,Sanremo (IM),0184 574262,info@liguriahomes.com,@liguriahomes,new,
83,realestate,Prestige Real Estate Venice,Venezia (VE),041 528 5037,info@prestigere.it,@prestigerealestatevenice,new,
84,realestate,Maior Capital,Olbia (SS),0789 200122,info@maiorcapital.com,@maiorcapital,new,
85,realestate,RE/MAX Collection Luxury,Milano (MI),02 8050 1245,collection@remax.it,@remaxcollection_italy,new,
86,realestate,Regilla 125,Roma (RM),06 788 1234,info@regilla125.it,@regilla125,new,
87,realestate,Immobiliare San Marco,Venezia (VE),041 520 0111,info@immobiliaresanmarco.it,@immobiliaresanmarco,new,
88,realestate,House & Loft,Milano (MI),02 7601 5740,info@houseloft.com,@houseloft,new,
89,realestate,Palazzo Estate,Como (CO),031 263191,info@palazzoestate.com,@palazzoestate,new,
90,realestate,Dimore d'Elite,Bologna (BO),051 228833,info@dimoredelite.it,@dimore_delite,new,
91,realestate,Great Estate,Cetona (SI),0578 238096,info@greatestate.it,@greatestate_realestate,new,
92,realestate,Abitare di Pregio,Milano (MI),02 4851 2244,info@abitaredipregio.it,@abitare_di_pregio,new,
93,realestate,Dream Homes Lake Como,Bellagio (CO),031 951234,info@dreamhomes.it,@dreamhomes_lakecomo,new,
94,realestate,Cortina Luxury Real Estate,Cortina (BL),0436 861111,info@cortinaluxury.com,@cortinaluxuryrealestate,new,
95,realestate,Luxury Living Italy,Verona (VR),045 801 1133,info@luxuryliving.it,@luxuryliving_italy,new,
96,realestate,Ville del Salento,Lecce (LE),0832 243355,info@villedelsalento.it,@villedelsalentorealestate,new,
97,realestate,Luxury Homes Florence,Firenze (FI),055 234 1122,info@luxuryhomesflorence.com,@luxuryhomesflorence,new,
98,realestate,Dimore di Lusso,Palermo (PA),091 324422,info@dimoredilusso.it,@dimore_di_lusso,new,
99,realestate,Prestige Property Como,Como (CO),031 304411,info@prestigepropertycomo.com,@prestigepropertycomo,new,
100,realestate,Prime Real Estate,Milano (MI),02 8822 7711,info@primere.it,@primerealestate_italy,new,
101,dentisti,Clinica DentalPro Milano,Milano (MI),02 8832 1111,info@dentalpro.it,@dentalpro.it,new,
102,dentisti,Studio Dentistico D'Amelio,Mestre (VE),041 970526,info@studiodamelio.it,@studiodentisticodamelio,new,
103,dentisti,Clinica Odontoiatrica Santa Chiara,Firenze (FI),055 244111,info@clinicasantachiara.it,@clinicasantachiara_odontoiatria,new,
104,dentisti,Studio Cannizzo,Milano (MI),02 783742,info@cannizzo.it,@studiodentisticocannizzo,new,
105,dentisti,Clinica Dentale San Martino,Genova (GE),010 35351,info@clinicasanmartino.it,@clinicasanmartino,new,
106,dentisti,Studio Dentistico Dr. Macaluso,Milano (MI),02 5519 5013,info@studiomacaluso.it,@studiodentisticomacaluso,new,
107,dentisti,Cliniche Dentali Giovanni Bona,Torino (TO),011 562 2211,info@clinichebona.it,@clinichegiovannibona,new,
108,dentisti,Studio Dentistico Vassura,Lodi (LO),0371 428054,info@studiovassura.it,@studiovassura,new,
109,dentisti,Centro Dentale Corbo,Como (CO),031 278341,info@centrodentalecorbo.it,@centrodentalecorbo,new,
110,dentisti,Studio Dentistico Dr. Piana,Bologna (BO),051 347466,info@studiopiana.it,@studiodentisticopiana,new,
111,dentisti,Clinica Dentale Bava,Napoli (NA),081 578 1234,info@clinicabava.it,@clinicadentalebava,new,
112,dentisti,Studio Odontoiatrico Dr. Rossi,Roma (RM),06 4422 1122,info@studiodontoiatricorossi.it,@studiodrrossi,new,
113,dentisti,Clinica Dentale Smart Dental,Bari (BA),080 523 4455,info@smartdental.it,@smartdentalclinic,new,
114,dentisti,Studio Dentistico Aceto,Salerno (SA),089 223344,info@studiodentisticoaceto.it,@studiodentisticoaceto,new,
115,dentisti,Clinica Centri Dentistici Primo,Bologna (BO),051 649 1133,info@dentisticiprimo.it,@centridentisticiprimo,new,
116,dentisti,Studio Dentistico Dr. Giannini,Firenze (FI),055 489312,info@studiogiannini.it,@studiodentisticogiannini,new,
117,dentisti,Clinica Dentale San Cataldo,Lucca (LU),0583 491111,info@clinicasancataldo.it,@clinicasancataldodontoiatria,new,
118,dentisti,Studio Odontoiatrico Dr. Bianchi,Milano (MI),02 8645 2211,info@studiobianchiodontoiatrico.it,@studiobianchiodontoiatrico,new,
119,dentisti,Clinica Dentale Santo Stefano,Prato (PO),0574 443322,info@clinicasantostefano.it,@clinicasantostefano,new,
120,dentisti,Studio Dentistico Dr. Antonelli,Roma (RM),06 808 2234,info@studioantonelli.it,@studiodentisticoantonelli,new,
121,dentisti,Clinica Dentale OdontoSalute,Udine (UD),0432 505050,info@odontosalute.it,@odontosalute_official,new,
122,dentisti,Studio Dentistico Dr. Palermo,Catania (CT),095 443322,info@studiodentisticopalermo.it,@studiodentisticopalermo,new,
123,dentisti,Clinica Dentale Santa Lucia,Palermo (PA),091 625 2233,info@clinicasantalucia.it,@clinicasantalucia,new,
124,dentisti,Studio Dentistico Dr. Fama,Messina (ME),090 717171,info@studiodentisticofama.it,@studiodentisticofama,new,
125,dentisti,Clinica Dentale Dental Class,Verona (VR),045 800 2233,info@dentalclass.it,@dentalclassverona,new,
126,dentisti,Studio Dentistico Dr. Sanna,Cagliari (CA),070 656565,info@studiodentisticosanna.it,@studiodentisticosanna,new,
127,dentisti,Clinica Dentale San Giorgio,Sassari (SS),079 232323,info@clinicasangiorgio.it,@clinicasangiorgiosassari,new,
128,dentisti,Studio Dentistico Dr. Nardi,Perugia (PG),075 500 1122,info@studionardi.it,@studiodentisticonardi,new,
129,dentisti,Clinica Dentale Euganea,Padova (PD),049 875 1122,info@clinicaodontoiatricaeuganea.it,@clinicaeuganea,new,
130,dentisti,Studio Dentistico Dr. Rinaldi,Brescia (BS),030 375 2211,info@studiorinaldi.it,@studiodentisticorinaldi,new,
131,dentisti,Clinica Dentale Dental Unit,Bergamo (BG),035 221144,info@dentalunit.it,@dentalunitbergamo,new,
132,dentisti,Studio Dentistico Dr. Greco,Taranto (TA),099 735 1122,info@studiodentisticogreco.it,@studiodentisticogreco,new,
133,dentisti,Clinica Dentale San Paolo,Reggio Calabria,0965 221133,info@clinicasanpaolo.it,@clinicasanpaoloreggio,new,
134,dentisti,Studio Dentistico Dr. Longo,Lecce (LE),0832 301122,info@studiodentisticolongo.it,@studiodentisticolongo,new,
135,dentisti,Clinica Dentale Dental Care,Foggia (FG),0881 721122,info@dentalcarefoggia.it,@dentalcarefoggia,new,
136,dentisti,Studio Dentistico Dr. Russo,Caserta (CE),0823 351122,info@studiodentisticorusso.it,@studiodentisticorusso,new,
137,dentisti,Clinica Dentale Dents,Pescara (PE),085 421 1122,info@clinica-dents.it,@dents_clinica_odontoiatrica,new,
138,dentisti,Studio Dentistico Dr. Ferri,Latina (LT),0773 661122,info@studioferridentistico.it,@studiodentisticoferri,new,
139,dentisti,Clinica Dentale San Michele,Novara (NO),0321 621122,info@clinicasanmichele.it,@clinicasanmicheledentale,new,
140,dentisti,Studio Dentistico Dr. Bruno,Varese (VA),0332 231122,info@studiodentisticobruno.it,@studiodentisticobruno,new,
141,dentisti,Clinica Dentale Dental Star,Monza (MB),039 230 1122,info@dentalstarmonza.it,@dentalstarmonza,new,
142,dentisti,Studio Dentistico Dr. Costa,Trento (TN),0461 231122,info@studiodentisticocosta.it,@studiodentisticocosta,new,
143,dentisti,Clinica Dentale San Marco,Venezia (VE),041 520 2211,info@clinicasanmarcodentale.it,@clinicasanmarcodentale,new,
144,dentisti,Studio Dentistico Dr. Leone,Parma (PR),0521 281122,info@studiodentisticoleone.it,@studiodentisticoleone,new,
145,dentisti,Clinica Dentale San Carlo,Busto Arsizio,0331 631122,info@clinicasancarlo.it,@clinicasancarlodentale,new,
146,dentisti,Studio Dentistico Dr. Fontana,Modena (MO),059 211122,info@studiodentisticofontana.it,@studiodentisticofontana,new,
147,dentisti,Clinica Dentale Dental Clinic,Reggio Emilia,0522 451122,info@dentalclinicre.it,@dentalclinicreggio,new,
148,dentisti,Studio Dentistico Dr. Gatti,Ravenna (RA),0544 311122,info@studiodentisticogatti.it,@studiodentisticogatti,new,
149,dentisti,Clinica Dentale San Rocco,Como (CO),031 301122,info@clinicasanrocco.it,@clinicasanroccodentale,new,
150,dentisti,Studio Dentistico Dr. Pozzi,Varese (VA),0332 281122,info@studiodentisticopozzi.it,@studiodentisticopozzi,new,
151,hotellerie,Grand Hotel Tremezzo,Tremezzina (CO),0344 42491,info@grandhoteltremezzo.com,@ghtremezzo,new,
152,hotellerie,Hotel Cipriani,Venezia (VE),041 240 801,info.cip@belmond.com,@belmondhotelcipriani,new,
153,hotellerie,Villa d'Este,Cernobbio (CO),031 3481,info@villadeste.it,@villadestelakecomo,new,
154,hotellerie,Belmond Villa San Michele,Fiesole (FI),055 567 8200,info.vsm@belmond.com,@belmondvillasanmichele,new,
155,hotellerie,Il San Pietro di Positano,Positano (SA),089 875455,info@ilsanpietro.it,@ilsanpietrodipositano,new,
156,hotellerie,Borgo Egnazia,Savelletri (BR),080 225 5000,info@borgoegnazia.com,@borgoegnazia,new,
157,hotellerie,Hotel de Russie,Roma (RM),06 328881,info.derussie@roccofortehotels.com,@hotelderussie,new,
158,hotellerie,Mandarin Oriental Lake Como,Blevio (CO),031 32511,mocmo-info@mohg.com,@mo_lakecomo,new,
159,hotellerie,Hotel Splendido Belmond,Portofino (GE),0185 267801,info.spl@belmond.com,@belmondhotelsplendido,new,
160,hotellerie,Le Sirenuse,Positano (SA),089 875066,info@sirenuse.it,@lesirenuse,new,
161,hotellerie,Hotel Danieli,Venezia (VE),041 526 3111,info@hoteldanieli.com,@hoteldanielivenice,new,
162,hotellerie,Portrait Firenze,Firenze (FI),055 2726 8000,portraitfirenze@lungarnocollection.com,@portraitfirenze,new,
163,hotellerie,JK Place Roma,Roma (RM),06 982 634,info@jkroma.com,@jkplaceroma,new,
164,hotellerie,Aman Venice,Venezia (VE),041 270 7333,amanvenice@aman.com,@aman_venice,new,
165,hotellerie,Hotel Cala di Volpe,Porto Cervo (SS),0789 976111,caladivolpe@marriott.com,@caladivolpe,new,
166,hotellerie,Capri Palace Jumeirah,Anacapri (NA),081 978 0111,info@capripalace.com,@capripalace,new,
167,hotellerie,Grand Hotel Timeo,Taormina (ME),0942 627 0200,info.ght@belmond.com,@belmondgrandhoteltimeo,new,
168,hotellerie,Forestis Dolomites,Bressanone (BZ),0472 521008,info@forestis.it,@forestis,new,
169,hotellerie,Castel Monastero,Castelnuovo Ber.,0577 570001,info@castelmonastero.com,@castel_monastero,new,
170,hotellerie,Mezzatorre Hotel & Thermal Spa,Lacco Ameno (NA),081 986111,info@mezzatorre.it,@mezzatorrehotel,new,
171,hotellerie,Villa Igiea Rocco Forte,Palermo (PA),091 630 3111,info.villaigiea@roccofortehotels.com,@villaigieapalermo,new,
172,hotellerie,Lefay Resort & Spa Lago di Garda,Gargnano (BS),0365 241800,reservation@lefayresorts.com,@lefayresorts,new,
173,hotellerie,Hotel Gritti Palace,Venezia (VE),041 794611,grittipalace@luxurycollection.com,@thegrittipalace,new,
174,hotellerie,Rosewood Castiglion del Bosco,Montalcino (SI),0577 1913001,cdelbosco@rosewoodhotels.com,@rwcastigliondelbosco,new,
175,hotellerie,Hotel Hassler,Roma (RM),06 699340,info@hotelhassler.it,@hotelhasslerroma,new,
176,hotellerie,Grand Hotel Excelsior Vittoria,Sorrento (NA),081 877 7111,info@exvitt.it,@gh_excelsior_vittoria,new,
177,hotellerie,Palazzo Avino,Ravello (SA),089 818181,info@palazzoavino.com,@palazzoavino,new,
178,hotellerie,Hotel Eden Rocco Forte,Roma (RM),06 478121,info.eden@roccofortehotels.com,@hoteledenroma,new,
179,hotellerie,Villa d'Amelia,Benevello (CN),0173 529225,info@villadamelia.com,@villadamelia,new,
180,hotellerie,San Domenico Palace Taormina,Taormina (ME),0942 613111,sandomenico@fourseasons.com,@fstaormina,new,
181,hotellerie,Excelsior Hotel Gallia,Milano (MI),02 67851,excelsior.gallia@luxurycollection.com,@excelsiorhotelgallia,new,
182,hotellerie,Adler Spa Resort Thermae,San Quirico d'Orcia,0577 889 001,info@adler-thermae.com,@adler_spa_resorts,new,
183,hotellerie,Bulgari Hotel Milano,Milano (MI),02 805 8051,milano@bulgarihotels.com,@bulgarihotels,new,
184,hotellerie,Grand Hotel Miramare,Santa Margherita,0185 287013,miramare@grandhotelmiramare.it,@ghmiramare,new,
185,hotellerie,Therasia Resort,Vulcano (ME),090 9852230,info@therasiaresort.it,@therasiaresort,new,
186,hotellerie,Palazzo Parigi Hotel & Spa,Milano (MI),02 625 625,reservations@palazzoparigi.com,@palazzoparigi,new,
187,hotellerie,Villa La Massa,Candeli (FI),055 62611,info@villalamassa.it,@villalamassafirenze,new,
188,hotellerie,Hotel Caruso,Ravello (SA),089 858801,info.car@belmond.com,@belmondhotelcaruso,new,
189,hotellerie,Falisia Resort & Spa,Duino-Aurisina,040 997 4444,info@falisiaresort.com,@falisiaresort,new,
190,hotellerie,Castadiva Resort,Blevio (CO),031 32511,info@castadivaresort.com,@mo_lakecomo,new,
191,hotellerie,L'Albereta Relais & Chateaux,Erbusco (BS),030 7760550,info@albereta.it,@lalbereta,new,
192,hotellerie,Grand Hotel Parker's,Napoli (NA),081 761 2474,info@grandhotelparkers.it,@grandhotelparkers,new,
193,hotellerie,Hotel Santa Caterina,Amalfi (SA),089 871012,info@hotelsantacaterina.it,@hotelsantacaterina,new,
194,hotellerie,Argentario Golf Wellness Resort,Porto Ercole (GR),0564 810292,info@argentarioresort.it,@argentariogolfresort,new,
195,hotellerie,Grand Hotel Fasano,Gardone Riviera,0365 290220,info@ghf.it,@grandhotelfasano,new,
196,hotellerie,Borgo Santo Pietro,Chiusdino (SI),0577 751222,info@borgosantopietro.com,@borgosantopietro,new,
197,hotellerie,Hotel Locarno,Roma (RM),06 361 0841,info@hotellocarno.com,@hotellocarnoroma,new,
198,hotellerie,Grand Hotel Majestic Gia Baglioni,Bologna (BO),051 225445,info.majestic@duetorrihotels.com,@grandhotelmajestic,new,
199,hotellerie,Villa Cora,Firenze (FI),055 228790,info@villacora.it,@villacorafirenze,new,
200,hotellerie,Hotel Splendide Royal,Roma (RM),06 421681,info@splendideroyal.com,@splendideroyalroma,new,
201,estetica,Dr.ssa Maria Stella Tarico,Catania (CT),095 531333,info@taricoclinic.com,@dr.ssa_tarico_chirurgia,new,
202,estetica,Clinica Biorigene,Catania (CT),095 220 0811,info@biorigene.com,@biorigene_clinic,new,
203,estetica,Dr. Alfio Musumeci,Acireale (CT),095 607833,info@dralfiomusumeci.it,@dr.alfiomusumeci,new,
204,estetica,Aetnea Medical Center,Catania (CT),095 375466,info@aetneamedical.it,@aetneamedicalcenter,new,
205,estetica,Dr.ssa Maria Grazia D'Agata,Mascalucia (CT),095 727 3411,info@mariagraziadagata.it,@dr.mariagraziadagata,new,
206,estetica,Centro Medico Catanese,Catania (CT),095 442211,info@centromedicocatanese.it,@centromedicocatanese,new,
207,estetica,Dr. Salvatore Ronsisvalle,Catania (CT),095 507844,info@drsalvatoreronsisvalle.it,@dr.salvatoreronsisvalle,new,
208,estetica,Clinica D'Amore,Catania (CT),095 491133,info@clinicadamore.it,@clinica_damore_estetica,new,
209,estetica,Dr. Hector Valenzuela,Catania (CT),095 715 2234,info@drvalenzuela.it,@dr_hector_valenzuela,new,
210,estetica,Dr.ssa Laura Sciacca,San Giovanni la Punta (CT),348 7654321,info@laurasciacca.it,@dr.ssa_laura_sciacca,new,
211,estetica,Ageless Clinic,Catania (CT),095 293344,info@agelessclinic.it,@ageless_clinic_catania,new,
212,estetica,Dr. Giuseppe Maria Messina,Catania (CT),095 383211,info@giuseppemessina.it,@dr.giuseppemessina,new,
213,estetica,Clinica Villa Salus,Catania (CT),095 311144,info@villasaluscatania.it,@villasalus_catania,new,
214,estetica,Dr. Gianluca Barbagallo,Aci Castello (CT),095 271122,info@gianlucabarbagallo.it,@dr.gianlucabarbagallo,new,
215,estetica,MedEst Catania,Catania (CT),095 722 5544,info@medest.it,@medest_catania,new,
216,estetica,Dr.ssa Chiara Cannavò,Catania (CT),095 502211,info@chiaracannavo.it,@dr.ssa_chiara_cannavo,new,
217,estetica,Clinica Morgagni Estetica,Catania (CT),095 238111,info@morgagniestetica.it,@clinica_morgagni,new,
218,estetica,Dr. Sergio Pardo,Giarre (CT),095 931122,info@drsergiopardo.it,@dr.sergio_pardo,new,
219,estetica,Centro Medico Le Zagare,San Giovanni la Punta (CT),095 741 2233,info@centromedicozagare.it,@centromedico_lezagare,new,
220,estetica,Dr. Marco Leonardi,Catania (CT),095 448822,info@marcoleonardi.it,@dr.marcoleonardi,new,
221,estetica,Skin & Co,Catania (CT),095 836 2244,info@skinandco.it,@skin_and_co_catania,new,
222,estetica,Dr.ssa Roberta Grasso,Catania (CT),095 504433,info@robertagrasso.it,@dr.ssa_robertagrasso,new,
223,estetica,Clinica Athena,Catania (CT),095 716 3311,info@clinicaathena.it,@clinica_athena_catania,new,
224,estetica,Dr. Valerio Ramieri,Catania (CT),095 532211,info@valerioramieri.it,@dr.valerioramieri,new,
225,estetica,Medis Clinic,Catania (CT),095 220 3344,info@medisclinic.it,@medis_clinic_catania,new,
226,estetica,Dr.ssa Veronica Trovato,Acireale (CT),095 764433,info@veronicatrovato.it,@dr.ssa_veronicatrovato,new,
227,estetica,Centro Medicina Estetica Jonio,Riposto (CT),095 779 1122,info@medicinaesteticajonio.it,@medicina_estetica_jonio,new,
228,estetica,Dr. Francesco Zappalà,Catania (CT),095 383844,info@francescozappala.it,@dr.francesco_zappala,new,
229,estetica,Clinica Villa dei Gerani,Catania (CT),095 330222,info@villadeigerani.it,@clinicavilladeigerani,new,
230,estetica,Dr.ssa Agata Scuderi,Misterbianco (CT),095 464622,info@agatascuderi.it,@dr.ssa_agata_scuderi,new,
231,estetica,Aesthetic Center Catania,Catania (CT),095 506070,info@aestheticcenter.it,@aesthetic_center_catania,new,
232,estetica,Dr. Giuseppe Castiglione,Catania (CT),095 441122,info@giuseppecastiglione.it,@dr.giuseppecastiglione,new,
233,estetica,Clinica Medilaser Catania,Catania (CT),095 372233,info@medilasercatania.it,@medilaser_catania_clinic,new,
234,estetica,Dr. Orazio Condorelli,Catania (CT),095 533445,info@oraziocondorelli.it,@dr.oraziocondorelli,new,
235,estetica,Etna Clinic Medicina Estetica,Nicolosi (CT),095 911223,info@etnaclinic.it,@etnaclinic_medicinaestetica,new,
236,estetica,Dr.ssa Simona Di Gregorio,Catania (CT),095 508899,info@simonadigregorio.it,@dr.ssa_simonadigregorio,new,
237,estetica,Centro Medico Igea,Catania (CT),095 443344,info@igeacatania.it,@centromedicoigea_catania,new,
238,estetica,Dr. Marcello Stella,Catania (CT),095 381234,info@marcellostella.it,@dr.marcellostella,new,
239,estetica,Clinica Villa Orchidea,Catania (CT),095 373737,info@villaorchideacatania.it,@villaorchidea_catania,new,
240,estetica,Dr.ssa Roberta Strano,Paternò (CT),095 848411,info@robertastrano.it,@dr.ssa_robertastrano,new,
241,estetica,Beauty Lab Catania,Catania (CT),095 220 5566,info@beautylabcatania.it,@beautylab_catania,new,
242,estetica,Dr. Angelo Trigona,Catania (CT),095 449900,info@angelotrigona.it,@dr.angelotrigona,new,
243,estetica,Clinica San Marco Estetica,Catania (CT),095 722 1100,info@sanmarcoestetica.it,@clinicasanmarco_estetica,new,
244,estetica,Dr. Carmelo Zappalà,Catania (CT),095 371199,info@carmelozappala.it,@dr.carmelozappala,new,
245,estetica,Sikelia Medical Center,Catania (CT),095 220 6677,info@sikeliamedical.it,@sikeliamedicalcenter,new,
246,estetica,Dr.ssa Daniela Patti,San Gregorio (CT),349 1234567,info@danielapatti.it,@dr.ssa_danielapatti,new,
247,estetica,Clinica Villa Elena,Catania (CT),095 321155,info@villaelenacatania.it,@villaelena_catania,new,
248,estetica,Dr. Andrea Sparacino,Catania (CT),095 443399,info@andreasparacino.it,@dr.andreasparacino,new,
249,estetica,Clinica del Sole Estetica,Catania (CT),095 501122,info@clinicadelsolect.it,@clinicadelsole_catania,new,
250,estetica,Dr. Fabrizio Melfa,Catania (CT),095 535566,info@fabriziomelfa.it,@dr.fabriziomelfa,new,
251,realestate,Katane Immobiliare Luxury,Catania (CT),095 432211,luxury@kataneimmobiliare.it,@katane_luxury_realestate,new,
252,realestate,Etna Luxury Homes,Nicolosi (CT),095 791 2234,info@etnaluxuryhomes.com,@etna_luxury_homes,new,
253,realestate,Taormina Elite Real Estate,Taormina (ME),0942 628844,info@taorminaelitere.com,@taormina_elite_realestate,new,
254,realestate,Dimore Siciliane di Pregio,Aci Castello (CT),095 711 6633,info@dimoresiciliane.it,@dimoresiciliane,new,
255,realestate,Sicily Sotheby's Realty Catania,Catania (CT),095 220 1234,catania@sicilysothebysrealty.com,@sothebysrealty_sicily,new,
256,realestate,Progetto Casa Luxury,Catania (CT),095 505051,luxury@progettocasacatania.it,@progettocasa_luxury,new,
257,realestate,Ville e Casali di Sicilia,Acireale (CT),095 763322,info@villeecasalisicilia.it,@villeecasali_sicilia,new,
258,realestate,Luxury Property Sicily,Aci Trezza (CT),095 711 7744,info@luxurypropertysicily.it,@luxury_property_sicily,new,
259,realestate,Engel & Völkers Taormina/Etna,Taormina (ME),0942 626088,taormina@engelvoelkers.com,@engelvoelkers_taormina,new,
260,realestate,Re/Max Platinum Luxury,Catania (CT),095 722 8811,platinum@remax.it,@remax_platinum_luxury,new,
261,realestate,Sicily Prestige Real Estate,Catania (CT),095 293 8844,info@sicilyprestigere.com,@sicily_prestige_realestate,new,
262,realestate,Dimore d'Autore Sicilia,Aci Castello (CT),095 273344,info@dimoredautoresicilia.it,@dimoredautore_sicilia,new,
263,realestate,Etna Real Estate di Pregio,Trecastagni (CT),095 780 1122,info@etnarealestate.it,@etna_real_estate_pregio,new,
264,realestate,Immobili di Lusso Catania,Catania (CT),095 442299,info@immobilidilussocatania.it,@immobilidilusso_catania,new,
265,realestate,Sicily Sotheby's Realty Taormina,Taormina (ME),0942 220011,taormina@sicilysothebysrealty.com,@sothebysrealty_taormina,new,
266,realestate,Luxury Homes Catania,Catania (CT),095 503344,info@luxuryhomescatania.com,@luxuryhomes_catania,new,
267,realestate,Dimore del Sole,Aci Castello (CT),095 711 8899,info@dimoredelsolect.it,@dimoredelsole_realestate,new,
268,realestate,Jonio Luxury Real Estate,Riposto (CT),095 779 4433,info@jonioluxury.it,@jonio_luxury_realestate,new,
269,realestate,Coldwell Banker Think Luxury,Catania (CT),095 220 4455,thinkluxury@coldwellbanker.it,@coldwellbanker_sicily,new,
270,realestate,Ville di Lusso Taormina,Taormina (ME),0942 629911,info@villedilussotaormina.com,@villedilusso_taormina,new,
271,realestate,Studio di Pregio Catania,Catania (CT),095 441199,info@studiodipregioct.it,@studio_di_pregio_catania,new,
272,realestate,Sicily Luxury Villas,Acireale (CT),095 765544,info@sicilyluxuryvillas.it,@sicily_luxury_villas,new,
273,realestate,Etna Green Estates,Nicolosi (CT),095 911344,info@etnagreenestates.com,@etnagreenestates,new,
274,realestate,Sotheby's International Realty Noto,Taormina (ME),0942 220012,noto@sicilysothebysrealty.com,@sothebysrealty_noto,new,
275,realestate,Katane Luxury Estates,Catania (CT),095 383811,info@kataneluxuryestates.it,@katane_luxury_estates,new,
276,realestate,Dimore Esclusive Sicilia,Aci Castello (CT),095 272211,info@dimoreesclusivesicilia.it,@dimore_esclusive_sicilia,new,
277,realestate,Taormina Sotheby's Realty,Taormina (ME),0942 220013,sicily@sothebysrealty.it,@sothebysrealty_sicily,new,
278,realestate,Engel & Völkers Catania,Catania (CT),095 220 7788,catania@engelvoelkers.com,@engelvoelkers_catania,new,
279,realestate,Ville & Casali Catania,Catania (CT),095 443300,info@villeecasalict.it,@villeecasali_catania,new,
280,realestate,Luxury Living Sicily,Taormina (ME),0942 627722,info@luxurylivingsicily.com,@luxuryliving_sicily,new,
281,realestate,Sicily Castle Real Estate,Acireale (CT),095 764499,info@sicilycastle.it,@sicily_castle_realestate,new,
282,realestate,Dimore Storiche Etna,Milo (CT),095 782211,info@dimorestoricheetna.it,@dimore_storiche_etna,new,
283,realestate,Sotheby's Realty Ortigia/Catania,Catania (CT),095 220 8899,ortigia@sicilysothebysrealty.com,@sothebysrealty_ortigia,new,
284,realestate,Luxury Property Catania,Catania (CT),095 504422,info@luxurypropertycatania.it,@luxuryproperty_catania,new,
285,realestate,Aci Castello Luxury Homes,Aci Castello (CT),095 711 9911,info@acicastelloluxury.it,@acicastelloluxuryhomes,new,
286,realestate,Sicily Sotheby's Realty Siracusa,Catania (CT),095 220 9911,siracusa@sicilysothebysrealty.com,@sothebysrealty_siracusa,new,
287,realestate,Ville di Pregio Sicilia,Catania (CT),095 445566,info@villedipregiosicilia.it,@villedipregio_sicilia,new,
288,realestate,Luxury Real Estate Taormina,Taormina (ME),0942 625511,info@luxuryrealestatetaormina.it,@luxuryre_taormina,new,
289,realestate,Etna Sotheby's Realty,Catania (CT),095 220 5511,etna@sicilysothebysrealty.com,@sothebysrealty_etna,new,
290,realestate,Jonio Sotheby's Realty,Catania (CT),095 220 6611,jonio@sicilysothebysrealty.com,@sothebysrealty_jonio,new,
291,realestate,Dimore del Vulcano,Trecastagni (CT),095 780 2233,info@dimoredelvulcano.it,@dimore_del_vulcano,new,
292,realestate,Sicily Sotheby's Realty Messina,Catania (CT),095 220 7711,messina@sicilysothebysrealty.com,@sothebysrealty_messina,new,
293,realestate,Luxury Living Catania,Catania (CT),095 502288,info@luxurylivingcatania.com,@luxuryliving_catania,new,
294,realestate,Sicily Sotheby's Realty Ragusa,Catania (CT),095 220 8811,ragusa@sicilysothebysrealty.com,@sothebysrealty_ragusa,new,
295,realestate,Dimore di Mare Sicilia,Riposto (CT),095 779 5566,info@dimoredimaresicilia.it,@dimoredimare_sicilia,new,
296,realestate,Sicily Sotheby's Realty Agrigento,Catania (CT),095 220 9922,agrigento@sicilysothebysrealty.com,@sothebysrealty_agrigento,new,
297,realestate,Luxury Living Taormina,Taormina (ME),0942 626611,info@luxurylivingtaormina.com,@luxuryliving_taormina,new,
298,realestate,Sicily Sotheby's Realty Trapani,Catania (CT),095 220 4411,trapani@sicilysothebysrealty.com,@sothebysrealty_trapani,new,
299,realestate,Luxury Living Acireale,Acireale (CT),095 763355,info@luxurylivingacireale.com,@luxuryliving_acireale,new,
300,realestate,Sicily Sotheby's Realty Palermo,Catania (CT),095 220 3311,palermo@sicilysothebysrealty.com,@sothebysrealty_palermo,new,
301,dentisti,Studio Odontoiatrico Dr. Giovanni Di Stefano,Catania (CT),095 443311,info@distefanodentista.it,@studiodistefanocatania,new,
302,dentisti,Clinica Dentale Jonica,Acireale (CT),095 764411,info@clinicadentalejonica.it,@clinicadentalejonica,new,
303,dentisti,DentalPro Catania,Catania (CT),095 722 3344,catania@dentalpro.it,@dentalpro_catania,new,
304,dentisti,Dr. Alfio Pappalardo,Misterbianco (CT),095 461122,info@pappalardodentista.it,@dr.alfiopappalardo,new,
305,dentisti,Studio Dentistico Associato Catania,Catania (CT),095 502233,info@studiodentisticoassociato.ct.it,@studiodentisticocatania,new,
306,dentisti,Clinica Dentale Katane,Catania (CT),095 383844,info@clinicadentalekatane.it,@clinicadentale_katane,new,
307,dentisti,Dr.ssa Roberta Scuderi,Catania (CT),095 448811,info@robertascuderidentista.it,@dr.ssa_robertascuderi,new,
308,dentisti,Centro Dentale Catanese,Catania (CT),095 503322,info@centrodentalecatanese.it,@centrodentalecatanese,new,
309,dentisti,Dr. Giuseppe Russo,Catania (CT),095 372211,info@giusepperussodentista.it,@dr.giusepperusso,new,
310,dentisti,Studio Dentistico Dr.ssa Arena,San Giovanni la Punta (CT),095 741 3344,info@studioarenadentistico.it,@studiodentistico_arena,new,
311,dentisti,Clinica Dentale Jonica,Riposto (CT),095 779 2233,info@clinicadentalejonica.it,@clinicadentale_jonica,new,
312,dentisti,Dr. Alfio Pappalardo,Giarre (CT),095 932233,info@pappalardodentista.it,@dr.alfio_pappalardo,new,
313,dentisti,Studio Dentistico Dr. Castorina,Acireale (CT),095 763399,info@studiocastorina.it,@studiodentisticocastorina,new,
314,dentisti,Dr. Carmelo Scuderi,Paternò (CT),095 843344,info@carmeloscuderidentista.it,@dr.carmeloscuderi,new,
315,dentisti,Dental Clinic Catania,Catania (CT),095 504499,info@dentalclinicct.it,@dentalclinic_catania,new,
316,dentisti,Dr.ssa Maria Grazia Di Stefano,Catania (CT),095 449922,info@mariagraziadistefano.it,@dr.ssa_mariagraziadistefano,new,
317,dentisti,Clinica Dentale San Marco,Catania (CT),095 722 2211,info@clinicadentalesanmarco.it,@clinicadentalesanmarco,new,
318,dentisti,Dr. Sergio Leonardi,Catania (CT),095 505566,info@sergioleonardidentista.it,@dr.sergioleonardi,new,
319,dentisti,Centro Dentale Aetneo,Catania (CT),095 373744,info@centrodentaleaetneo.it,@centrodentaleaetneo,new,
320,dentisti,Dr.ssa Veronica Pappalardo,Misterbianco (CT),095 464633,info@veronicapappalardo.it,@dr.ssa_veronicapappalardo,new,
321,dentisti,Studio Dentistico Dr. Russo,Aci Castello (CT),095 272233,info@studiodentisticorusso.it,@studiodentisticorusso_acicastello,new,
322,dentisti,Dr. Alfio Castorina,Catania (CT),095 441166,info@alfiocastorina.it,@dr.alfiocastorina,new,
323,dentisti,Clinica Dentale Katane,Misterbianco (CT),095 464644,info@clinicadentalekatane.it,@clinicadentale_katane_misterbianco,new,
324,dentisti,Dr. Giuseppe Scuderi,Catania (CT),095 506677,info@giuseppescuderidentista.it,@dr.giuseppescuderi,new,
325,dentisti,Studio Dentistico Dr. Pappalardo,Catania (CT),095 507788,info@studiodentisticopappalardo.it,@studiodentisticopappalardo,new,
326,dentisti,Dr.ssa Simona Russo,Catania (CT),095 508811,info@simonarussodentista.it,@dr.ssa_simonarusso,new,
327,dentisti,Clinica Dentale San Francesco,Catania (CT),095 722 3311,info@clinicadentalesanfrancesco.it,@clinicadentalesanfrancesco,new,
328,dentisti,Dr. Carmelo Leonardi,Catania (CT),095 509922,info@carmeloleonardidentista.it,@dr.carmeloleonardi,new,
329,dentisti,Centro Dentale Jonico,Acireale (CT),095 764422,info@centrodentalejonico.it,@centrodentalejonico,new,
330,dentisti,Dr. Alfio Russo,Paternò (CT),095 843355,info@alfiorussodentista.it,@dr.alfiorusso,new,
331,dentisti,Studio Dentistico Dr. Castorina,Catania (CT),095 442233,info@studiocastorinadentista.it,@studiodentisticocastorina_catania,new,
332,dentisti,Dr. Giuseppe Pappalardo,Catania (CT),095 443322,info@giuseppepappalardodentista.it,@dr.giuseppepappalardo,new,
333,dentisti,Clinica Dentale Aetnea,Catania (CT),095 373755,info@clinicadentaleaetnea.it,@clinicadentaleaetnea,new,
334,dentisti,Dr.ssa Simona Scuderi,Catania (CT),095 504411,info@simonascuderidentista.it,@dr.ssa_simonascuderi,new,
335,dentisti,Studio Dentistico Dr. Russo,Catania (CT),095 505522,info@studiodentisticorussocatania.it,@studiodentisticorusso_catania,new,
336,dentisti,Dr. Carmelo Pappalardo,Catania (CT),095 506633,info@carmelopappalardodentista.it,@dr.carmelopappalardo,new,
337,dentisti,Clinica Dentale San Giorgio,Catania (CT),095 722 4433,info@clinicadentalesangiorgio.it,@clinicadentalesangiorgio,new,
338,dentisti,Dr. Sergio Russo,Catania (CT),095 507799,info@sergiorussodentista.it,@dr.sergiorusso,new,
339,dentisti,Centro Dentale Catanese,Acireale (CT),095 763311,info@centrodentalecatanese.it,@centrodentalecatanese_acireale,new,
340,dentisti,Dr. Alfio Scuderi,Paternò (CT),095 843366,info@alfioscuderidentista.it,@dr.alfioscuderi,new,
341,dentisti,Studio Dentistico Dr. Castorina,Misterbianco (CT),095 464655,info@studiocastorinadentista.it,@studiodentisticocastorina_misterbianco,new,
342,dentisti,Dr. Giuseppe Russo,Catania (CT),095 441177,info@giusepperussodentista.it,@dr.giusepperusso_catania,new,
343,dentisti,Clinica Dentale Katane,Acireale (CT),095 764433,info@clinicadentalekatane.it,@clinicadentale_katane_acireale,new,
344,dentisti,Dr. Carmelo Russo,Catania (CT),095 502244,info@carmelorussodentista.it,@dr.carmelorusso,new,
345,dentisti,Studio Dentistico Dr. Pappalardo,Misterbianco (CT),095 464666,info@studiodentisticopappalardo.it,@studiodentisticopappalardo_misterbianco,new,
346,dentisti,Dr.ssa Simona Pappalardo,Catania (CT),095 503355,info@simonapappalardodentista.it,@dr.ssa_simonapappalardo,new,
347,dentisti,Clinica Dentale San Marco,Acireale (CT),095 764444,info@clinicadentalesanmarco.it,@clinicadentalesanmarco_acireale,new,
348,dentisti,Dr. Sergio Scuderi,Catania (CT),095 504455,info@sergioscuderidentista.it,@dr.sergioscuderi,new,
349,dentisti,Centro Dentale Jonico,Catania (CT),095 442244,info@centrodentalejonico.it,@centrodentalejonico_catania,new,
350,dentisti,Dr. Alfio Pappalardo,Catania (CT),095 443355,info@alfiopappalardodentista.it,@dr.alfiopappalardo_catania,new,
351,hotellerie,Grand Hotel Baia Verde,Aci Castello (CT),095 711 9000,info@baiaverde.it,@grandhotelbaiaverde,new,
352,hotellerie,Romano Palace Luxury Hotel,Catania (CT),095 596 7111,info@romanopalace.it,@romanopalaceluxury,new,
353,hotellerie,"San Domenico Palace, Four Seasons",Taormina (ME),0942 613111,sandomenico@fourseasons.com,@fs_sandomenicopalace,new,
354,hotellerie,Belmond Grand Hotel Timeo,Taormina (ME),0942 627 0200,info.ght@belmond.com,@belmondgrandhoteltimeo,new,
355,hotellerie,Shalai Resort,Linguaglossa (CT),095 647122,info@shalai.it,@shalairesort,new,
356,hotellerie,Donna Carmela Resort & Lodges,Carruba (CT),095 809333,info@donnacarmela.com,@donnacarmelaresort,new,
357,hotellerie,Zash Country Boutique Hotel,Riposto (CT),095 782 8932,info@zash.it,@zashcountryhotel,new,
358,hotellerie,Grand Hotel Minareto,Taormina (ME),0942 625522,info@grandhotelminareto.com,@grandhotelminareto,new,
359,hotellerie,La Plage Resort,Taormina (ME),0942 626095,info@laplageresort.com,@laplageresort,new,
360,hotellerie,Monaci delle Terre Nere,Zafferana Etnea (CT),095 708 2339,info@monacidelleterrenere.it,@monacidelleterrenere,new,
361,hotellerie,Plaza Hotel Catania,Catania (CT),095 836 1234,info@plazahotelcatania.com,@plazahotelcatania,new,
362,hotellerie,Villa Neri Resort & Spa,Linguaglossa (CT),095 813300,info@hotelvillaneri.it,@villaneriresort,new,
363,hotellerie,NH Collection Taormina,Taormina (ME),0942 625202,nhcollection.taormina@nh-hotels.com,@nhcollectiontaormina,new,
364,hotellerie,Four Points by Sheraton Catania,Aci Castello (CT),095 711 4111,info@fourpointscatania.it,@fourpointscatania,new,
365,hotellerie,Grand Hotel Villa Itria,Viagrande (CT),095 789 5422,info@grandhotelvillaitria.com,@grandhotelvillaitria,new,
366,hotellerie,Hotel Villa Diodoro,Taormina (ME),0942 23312,diodoro@gaishotels.com,@hotelvilladiodoro,new,
367,hotellerie,Il Picciolo Etna Golf Resort,Castiglione (CT),095 647900,info@ilpiccioloetnagolf.com,@ilpiccioloetnagolf,new,
368,hotellerie,Grand Hotel Mazzarò Sea Palace,Taormina (ME),0942 612111,mazzaro@vthotels.com,@mazzaroseapalace,new,
369,hotellerie,Una Hotel Palace Catania,Catania (CT),095 250 5111,una.palace.catania@unahotels.it,@unahotels,new,
370,hotellerie,Hotel Caparena,Taormina (ME),0942 652021,caparena@gaishotels.com,@hotelcaparena,new,
371,hotellerie,Katane Palace Hotel,Catania (CT),095 747 0702,info@katanepalace.it,@katanepalacehotel,new,
372,hotellerie,Villa Carlotta,Taormina (ME),0942 626058,info@hotelvillacarlottataormina.com,@hotelvillacarlottataormina,new,
373,hotellerie,Grand Hotel Sofia,Noto (SR),0931 835000,info@grandhotelsofia.it,@grandhotelsofia,new,
374,hotellerie,Grand Hotel San Pietro,Taormina (ME),0942 620711,sanpietro@vthotels.com,@grandhotelsanpietro,new,
375,hotellerie,Castello di San Marco,Calatabiano (CT),095 641133,info@castellodisanmarco.com,@castellodisanmarco,new,
376,hotellerie,Hotel Ashbee,Taormina (ME),0942 23537,info@theashbeehotel.com,@theashbeehotel,new,
377,hotellerie,Villa Belvedere,Taormina (ME),0942 23791,info@villabelvedere.it,@hotelvillabelvedere,new,
378,hotellerie,Airone Wellness Hotel,Zafferana Etnea (CT),095 708 1818,info@hotelairone.it,@aironewellnesshotel,new,
379,hotellerie,Hotel Villa Angela,Taormina (ME),0942 28468,info@hotelvillaangela.com,@hotelvillaangela,new,
380,hotellerie,Excelsior Palace Hotel,Taormina (ME),0942 23975,excelsior@gaishotels.com,@excelsiorpalacetaormina,new,
381,hotellerie,Romano House,Catania (CT),095 352 0611,info@romanohouse.it,@romanohouse,new,
382,hotellerie,Metropole Taormina Maison d'Hotes,Taormina (ME),0942 24001,info@hotelmetropoletaormina.it,@metropoletaormina,new,
383,hotellerie,Palace Hotel Catania,Catania (CT),095 250 5222,palace@unahotels.it,@unahotelspalace,new,
384,hotellerie,Grand Hotel Timeo Belmond,Taormina (ME),0942 627 0300,timeo@belmond.com,@belmondgrandhoteltimeo,new,
385,hotellerie,San Domenico Four Seasons,Taormina (ME),0942 613222,sandomenico.taormina@fourseasons.com,@fs_sandomenicopalace,new,
386,hotellerie,Romano Palace Catania,Catania (CT),095 596 7222,reservation@romanopalace.it,@romanopalaceluxury,new,
387,hotellerie,Grand Hotel Baia Verde Catania,Aci Castello (CT),095 711 9111,reservation@baiaverde.it,@grandhotelbaiaverde,new,
388,hotellerie,Zash Boutique Hotel Catania,Riposto (CT),095 782 8933,reservation@zash.it,@zashcountryhotel,new,
389,hotellerie,Donna Carmela Catania,Carruba (CT),095 809444,reservation@donnacarmela.com,@donnacarmelaresort,new,
390,hotellerie,Monaci delle Terre Nere Catania,Zafferana (CT),095 708 2340,reservation@monacidelleterrenere.it,@monacidelleterrenere,new,
391,hotellerie,Plaza Hotel Catania,Catania (CT),095 836 1235,reservation@plazahotelcatania.com,@plazahotelcatania,new,
392,hotellerie,Villa Neri Resort Catania,Linguaglossa (CT),095 813301,reservation@hotelvillaneri.it,@villaneriresort,new,
393,hotellerie,Four Points Sheraton Catania,Aci Castello (CT),095 711 4112,reservation@fourpointscatania.it,@fourpointscatania,new,
394,hotellerie,Grand Hotel Villa Itria Catania,Viagrande (CT),095 789 5423,reservation@grandhotelvillaitria.com,@grandhotelvillaitria,new,
395,hotellerie,Una Hotel Palace Catania,Catania (CT),095 250 5112,reservation@unahotels.it,@unahotelspalace,new,
396,hotellerie,Katane Palace Hotel Catania,Catania (CT),095 747 0703,reservation@katanepalace.it,@katanepalacehotel,new,
397,hotellerie,Romano House Catania,Catania (CT),095 352 0612,reservation@romanohouse.it,@romanohouse,new,
398,hotellerie,Palace Hotel Catania,Catania (CT),095 250 5223,reservation@unahotels.it,@unahotelspalace,new,
399,hotellerie,Grand Hotel Baia Verde Luxury,Aci Castello (CT),095 711 9222,info@baiaverde.it,@grandhotelbaiaverde,new,
400,hotellerie,Romano Palace Luxury Catania,Catania (CT),095 596 7333,info@romanopalace.it,@romanopalaceluxury,new,
401,boutique,Cherie Boutique,Macerata (MC),0733 165 4028,cherieboutiquemacerata@gmail.com,@cherie_boutique_macerata,new,
402,boutique,Elle Boutique Tarvisio,Tarvisio (UD),0428 2144,info@elleboutiquetarvisio.it,@elleboutiquetarvisio,new,
403,boutique,Boutique Rita,Milano (MI),0229531837,ritaboutique.milano@yahoo.com,@rita.boutique.milano,new,
404,boutique,Bassini Boutique,Bastia Umbra (PG),075 8086985,support@bassiniboutique.it,@bassiniboutique,new,
405,boutique,M.A.& L.O. Srl (Amalo),Bari (BA),080 9244876,info@amalobari.it,@amalo_bari,new,
406,boutique,Biffi Boutiques Milano,Milano (MI),02 8050 0468,segreteria@camerabuyer.it,@biffiboutiques,new,
407,boutique,Biffi Boutiques Bergamo,Bergamo (BG),035 211244,segreteria@camerabuyer.it,@biffiboutiques,new,
408,boutique,Banner Milano,Milano (MI),02 7600 4688,segreteria@camerabuyer.it,@banner_milano,new,
409,boutique,Bernardelli Stores,Mantova (MN),0376 324311,info@bernardellistores.it,@bernardellistores,new,
410,boutique,Boutique Tricot,Chianciano Terme (SI),0578 30424,info@boutiquetricot.it,@boutique_tricot,new,
411,boutique,Blondie Boutique,Finale Ligure (SV),019 692817,info@blondie.it,@blondie_boutique,new,
412,boutique,Franz Kraler,Cortina D'Ampezzo (BL),0436 862321,info@franzkraler.it,@franzkraler,new,
413,boutique,Spinnaker,Sanremo (IM),0184 532611,info@spinnakermoda.it,@spinnakerboutique,new,
414,boutique,Al Duca d'Aosta,Venezia (VE),041 5224343,info@alducadaosta.com,@alducadaosta,new,
415,boutique,Tiziana Fausti,Bergamo (BG),035 224164,info@tizianafausti.com,@tizianafausti,new,
416,boutique,Luisa Via Roma,Firenze (FI),055 9064111,customerservice@luisaviaroma.com,@luisaviaroma,new,
417,boutique,Julian Boutique,Milano Marittima (RA),0544 994323,info@julian-boutique.com,@julianboutique,new,
418,boutique,Nugnes 1920,Trani (BT),0883 480018,info@nugnes1920.com,@nugnes1920,new,
419,boutique,Marcos,Mondovì (CN),0174 42111,info@marcos.it,@marcosboutique,new,
420,boutique,Colognese,Montebelluna (TV),0423 301321,info@colognese.it,@colognese_boutique,new,
421,boutique,Atelier Gabriella,Morrovalle (MC),0733 564114,info@ateliergabriella.it,@atelier_gabriella,new,
422,boutique,Palazzo 1991 (Salvo Abate),Catania (CT),349 2543227,salvoabate93@gmail.com,@palazzo1991,new,
423,boutique,Chitè Milano Boutique,Milano (MI),02 8414 8411,info@chitemilano.it,@chite.milano,new,
424,boutique,Mariaelena Samperi,Catania (CT),095 311223,info@mariaelenasamperi.com,@mariaelena_samperi,new,
425,boutique,Amor y Mezcal,Gaeta (LT),0771 463121,info@amorymezcal.com,@amorymezcal,new,
426,boutique,Lanapo,Portofino (GE),0187 812121,info@lanapo.it,@lanapo_sandals,new,
427,boutique,Blazé Milano,Milano (MI),02 3659 5511,info@blaze-milano.com,@blaze_milano,new,
428,boutique,Durazzi Milano,Milano (MI),02 8909 2111,info@durazzimilano.com,@durazzimilano,new,
429,boutique,Institution,Milano (MI),02 3658 2111,info@institution.it,@institution_milano,new,
430,boutique,Lorenzo Seghezzi,Milano (MI),02 8456 1211,info@lorenzoseghezzi.com,@lorenzoseghezzi,new,
431,boutique,Domenico Orefice,Milano (MI),02 4987 6211,info@domenicoorefice.it,@domenicoorefice_,new,
432,boutique,Bergie by Giorgiandreazza,Milano (MI),02 5831 1122,info@bergie.it,@bergie_by_giorgiandreazza,new,
433,boutique,Gigi Tropea,Catania (CT),095 382075,info@gigitropea.com,@gigitropea,new,
434,boutique,Malatino Concept Store,Messina (ME),090 391054,info@malatinogioielliconceptstore.it,@malatinoconceptstore,new,
435,boutique,Margin Concept,Torino (TO),011 5622111,info@marginconcept.it,@margin_concept,new,
436,boutique,FR Boutique,Bologna (BO),051 224111,info@frboutique.it,@frboutique_bologna,new,
437,boutique,Yes Shop,Napoli (NA),081 5543932,info@yesshoponline.it,@yesshop_napoli,new,
438,boutique,Ariano Boutique,Aversa (CE),081 8111689,info@arianoboutique.com,@arianoboutique,new,
439,boutique,Il Faro Boutique,Avellino (AV),0825 21595,info@ilfaroboutique.com,@ilfaroboutique,new,
440,boutique,Il Punto Clothing,San Giuseppe Vesuviano (NA),081 5299024,info@ilpuntoclothing.com,@ilpuntoclothing,new,
441,boutique,Ilarius,Frattamaggiore (NA),380 7991334,info@ilarius.it,@ilarius_boutique,new,
442,boutique,Gioel Style,Casapulla (CE),0823 466443,info@gioelstyle.it,@gioelstyle,new,
443,boutique,MARI Boutique,Milano (MI),02 8050 0468,mari@marimilano.it,@mari.boutique,new,
444,boutique,Momonì Milano,Milano (MI),02 6379 3466,milano@momoni.it,@momonistore,new,
445,boutique,Momonì Verona,Verona (VR),045 2371332,verona@momoni.it,@momonistore,new,
446,boutique,Momonì Padova,Padova (PD),049 7356092,padova@momoni.it,@momonistore,new,
447,boutique,Momonì Treviso,Treviso (TV),0422 1722492,treviso@momoni.it,@momonistore,new,
448,boutique,Momonì Bologna,Bologna (BO),051 6486437,bologna@momoni.it,@momonistore,new,
449,boutique,Momonì Firenze,Firenze (FI),055 218824,firenze@momoni.it,@momonistore,new,
450,boutique,Momonì Roma Babuino,Roma (RM),06 89236254,romababuino@momoni.it,@momonistore,new,
451,profumeria,Profumeria Artistica Parente,Casal di Principe (CE),350 1048813,profumeriaartisticaparente@gmail.com,@profumeriaartisticaparente,new,
452,profumeria,Studio Olfattivo,Santa Maria Capua Vetere (CE),0823 589022,info@studiolfattivo.it,@studiolfattivo,new,
453,profumeria,Arti e Profumi,Polignano a Mare (BA),333 4455667,artieprofumi@gmail.com,@artieprofumi,new,
454,profumeria,Fragrans in Fabula,Milano (MI),02 8050 9449,fragransinfabula@cale.it,@fragransinfabula,new,
455,profumeria,Boutique Pesade,Milano (MI),02 3670 5120,pesade-milano@cale.it,@pesade_boutique,new,
456,profumeria,Boutique Creed Milano,Milano (MI),02 3658 2430,creedboutiquemilano@cale.it,@creedboutique,new,
457,profumeria,Boutique Creed Roma,Roma (RM),06 4559 7100,creedboutiqueroma@cale.it,@creedboutique,new,
458,profumeria,Boutique Creed Venezia,Venezia (VE),041 0986417,info@cale.it,@creedboutique,new,
459,profumeria,50 ML,Milano (MI),02 3653 2421,info@50-ml.com,@50ml_milano,new,
460,profumeria,HB Profumerie,Roma (RM),06 6789123,info@hbprofumerie.it,@hbprofumerie,new,
461,profumeria,Campomarzio70 (Via Vittoria),Roma (RM),06 6979 7739,info@campomarzio70.it,@campomarzio70,new,
462,profumeria,Profumeria Diptyque Roma,Roma (RM),06 6994 1351,info@diptyque.it,@diptyqueparis,new,
463,profumeria,Olfattorio Bar à Parfums,Roma (RM),06 6979 7751,info@olfattorio.it,@olfattorio_baraparfums,new,
464,profumeria,Profumeria Cherry,Roma (RM),06 482 4668,info@cherryprofumi.it,@cherry_roma,new,
465,profumeria,Jolie Profumerie,Napoli (NA),081 552 9595,info@jolieprofumerie.com,@jolieprofumerie,new,
466,profumeria,Profumo Emozioni Olfattive,Napoli (NA),081 764 3443,info@profumoemozioniolfattive.it,@profumoemozioniolfattive,new,
467,profumeria,Beauty Concept Capri,Capri (NA),340 2276214,capri@beautyconceptclub.com,@beautyconceptclub,new,
468,profumeria,Essence Ischia,Ischia (NA),081 991823,info@essenceischia.it,@essence_ischia,new,
469,profumeria,Neos 1911,Caserta (CE),0823 325238,info@neos1911.it,@neos1911,new,
470,profumeria,Kaon Boutique,Palestrina (RM),06 95469599,info@kaon.it,@kaon_distribution,new,
471,profumeria,Aquaflor,Firenze (FI),055 19931913,info@aquaflor.it,@aquaflor_firenze,new,
472,profumeria,Profumeria Testaccio,Roma (RM),06 574 6563,info@profumeriatestaccio.it,@profumeriatestaccio,new,
473,profumeria,Campomarzio70 Pantheon,Roma (RM),06 6920 0303,info@campomarzio70.it,@campomarzio70,new,
474,profumeria,Campomarzio70 Campo Marzio,Roma (RM),06 6992 2111,info@campomarzio70.it,@campomarzio70,new,
475,profumeria,Profumeria Gini,Roma (RM),06 7049 5393,info@profumeriagini.it,@profumeriagini,new,
476,profumeria,Ruberto 32,Roma (RM),06 854 3211,info@ruberto32.it,@ruberto32,new,
477,profumeria,L'Ò Firenze,Firenze (FI),055 211223,info@lofirenze.it,@lo_firenze,new,
478,profumeria,Amaranthus,Siena (SI),0577 223344,info@amaranthus.it,@amaranthus_siena,new,
479,profumeria,La Bottega dei Profumi,Forte dei Marmi (LU),0584 881234,info@labottegadeiprofumi.it,@labottegadeiprofumi,new,
480,profumeria,Antica Profumeria Sacro Cuore,Bologna (BO),051 223355,info@sacrocuoreprofumi.it,@sacrocuoreprofumi,new,
481,profumeria,Parfumkafè,Milano Marittima (RA),0544 971122,info@parfumkafe.it,@parfumkafe,new,
482,profumeria,Campomarzio70 Ravenna,Ravenna (RA),0544 211133,info@campomarzio70.it,@campomarzio70,new,
483,profumeria,Biba,Parma (PR),0521 221144,info@bibaprofumeria.it,@bibaparfum,new,
484,profumeria,La Maison de Parfum,Cattolica (RN),0541 961122,info@lamaisondeparfum.it,@lamaisondeparfum,new,
485,profumeria,Backstage,Riccione (RN),0541 601133,info@backstageprofumeria.it,@backstage_riccione,new,
486,profumeria,Nanà Scents Gallery,Riccione (RN),0541 691144,info@nanascents.it,@nanascentsgallery,new,
487,profumeria,Beauty Concept Monza,Monza (MB),039 334455,info@beautyconceptclub.com,@beautyconceptclub,new,
488,profumeria,Mariabruna Beauty,Brescia (BS),030 375 1122,info@mariabrunabeauty.it,@mariabrunabeauty,new,
489,profumeria,L'Essenza,Varese (VA),0332 281144,info@lessenzavarese.it,@lessenza_varese,new,
490,profumeria,Ylang Ylang,Milano (MI),02 8645 2233,info@ylangylangmilano.it,@ylangylang_milano,new,
491,profumeria,Profumeria Panteo,Desenzano del Garda (BS),030 914 1122,info@profumeriapanteo.it,@profumeriapanteo,new,
492,profumeria,Beauty Concept Desenzano,Desenzano del Garda (BS),030 914 2233,info@beautyconceptclub.com,@beautyconceptclub,new,
493,profumeria,BeParfum Scent Lounge,Bergamo (BG),035 221133,info@beparfum.it,@beparfum,new,
494,profumeria,Mazzolari Milano,Milano (MI),02 7600 5454,info@mazzolari.it,@mazzolari_milano,new,
495,profumeria,Campomarzio70 Brera,Milano (MI),02 7200 4433,info@campomarzio70.it,@campomarzio70,new,
496,profumeria,Defendi Profumeria Artistica,Leno (BS),030 906234,info@defendiprofumeria.it,@defendi_profumeria,new,
497,profumeria,La Profumeria by Etualy,Bergamo (BG),035 225566,info@etualy.com,@etualy_bergamo,new,
498,profumeria,Bon Sens,Seregno (MB),0362 231144,info@bonsensprofumeria.it,@bonsens_seregno,new,
499,profumeria,Profumeria Oggioni,Milano (MI),02 20 49 429,info@profumeriaoggioni.it,@profumeria_oggioni,new,
500,profumeria,Agata Profumerie,Reggio Calabria (RC),392 1191526,info@agataprofumerie.it,@agataprofumerie,new,
501,artigianato,Antica Ceramica Avallone,Vietri sul Mare (SA),320 7578321,info@ceramicavietri.it,@anticaceramicaavallone,new,
502,artigianato,Ceramica Armenante,Vietri sul Mare (SA),328 1177119,info@ceramicaarmenante.it,@ceramicaarmenante,new,
503,artigianato,Ceramica Artemika Vietri,Vietri sul Mare (SA),340 4287478,info@artemikavietri.it,@ceramica_artemika_vietri,new,
504,artigianato,Ceramica Falcone Salvatore,Vietri sul Mare (SA),328 6566830,info@ceramichefalcone.it,@ceramicafalconesalvatore,new,
505,artigianato,Ceramica Carlo Pisacane,Vietri sul Mare (SA),338 9461043,info@carlopisacane.it,@ceramicapisacane,new,
506,artigianato,Ceramica Cassetta,Vietri sul Mare (SA),320 1738947,info@ceramicacassetta.it,@ceramicacassetta,new,
507,artigianato,Ceramica D'Acunto Antonio,Vietri sul Mare (SA),389 6856615,info@ceramicadacunto.it,@ceramicadacuntoantonio,new,
508,artigianato,Ceramica D'Acunto Mario,Vietri sul Mare (SA),380 5324513,info@mariodacunto.it,@ceramicadacuntomario,new,
509,artigianato,Ceramica D'Amico,Vietri sul Mare (SA),328 9044979,info@ceramicadamico.it,@ceramicadamico,new,
510,artigianato,Ceramica De Falco,Vietri sul Mare (SA),393 5107645,info@ceramicadefalco.it,@ceramicadefalco,new,
511,artigianato,Ceramica De Santo Luisa,Vietri sul Mare (SA),347 9216883,info@desantoceramiche.it,@ceramicadesantoluisa,new,
512,artigianato,Ceramica Decori e Sapori,Vietri sul Mare (SA),349 7245146,info@decoriesapori.it,@decoriesaporivietri,new,
513,artigianato,Ceramica D'Urso Costa d'Amalfi,Vietri sul Mare (SA),333 9597915,info@ceramicadurso.it,@ceramicadursocostadamalfi,new,
514,artigianato,Ceramica Falcone Antonio,Vietri sul Mare (SA),340 8800533,info@ceramicafalconeantonio.it,@ceramicafalconeantonio,new,
515,artigianato,Ceramica Francesco Aceto,Vietri sul Mare (SA),393 0591494,info@francescoaceto.it,@ceramicafrancescoaceto,new,
516,artigianato,Ceramica Il Vasaio Vietrese,Vietri sul Mare (SA),340 3807483,info@ilvasaiovietrese.it,@ilvasaiovietrese,new,
517,artigianato,Ceramica Iovine,Vietri sul Mare (SA),338 9573011,info@ceramicheiovine.it,@ceramica_iovine,new,
518,artigianato,Ceramica Klaus,Vietri sul Mare (SA),320 3085525,info@ceramicaklaus.it,@ceramicaklaus,new,
519,artigianato,Ceramica La Bottega dei Ricordi,Vietri sul Mare (SA),339 4489546,info@labottegadeiricordi.it,@labottegadeiricordivietri,new,
520,artigianato,Ceramica La Fenice Scarl,Vietri sul Mare (SA),320 6765655,info@lafeniceceramiche.it,@lafeniceceramiche,new,
521,artigianato,Arte Orafa Traversi,Cave (RM),06 9507658,info@arteorafatraversi.it,@arteorafatraversi,new,
522,artigianato,Gioielleria Taccetti,Signa (FI),055 8720231,taccetti.gioielleria@gmail.com,@gioielleriataccetti,new,
523,artigianato,Tallone Orafi,Torino (TO),379 2863025,ordini@talloneorafi.it,@tallone_orafi,new,
524,artigianato,LBL Artigiani Orafi,Valenza (AL),0131 941200,info@lblgioielli.it,@lblgioielli,new,
525,artigianato,Gioielleria Romagnoli,Roma (RM),06 86 00 619,info@gioielleriaromagnoli.it,@gioielleriaromagnoli,new,
526,artigianato,Furò e Punteruolo,Firenze (FI),055 013 0427,info@furoepunteruolo.com,@furoepunteruolo,new,
527,artigianato,Pell New Line,Carmignano (PO),055 8710166,info@pellnewline.it,@pellnewline,new,
528,artigianato,Castelli Bags,Firenze (FI),055 223344,info@castellibags.com,@castellibags,new,
529,artigianato,Peroni Firenze,Firenze (FI),055 234567,info@peronifirenze.it,@peronifirenze,new,
530,artigianato,Les Creations Luca Marsiliani,Roma (RM),06 95061274,info@lescreations.it,@lescreationsgioielli,new,
531,artigianato,Microfficina Laboratorio Orafo,Firenze (FI),055 499113,info@microfficina.it,@microfficina,new,
532,artigianato,Laboratorio Orafo Pariano,Crotone (KR),0962 44338,info@laboratorioorafopariano.it,@laboratorioorafopariano,new,
533,artigianato,Laboratorio Orafo Porro,Milano (MI),02 86460646,info@gioielleriaporromilano.it,@porromilano,new,
534,artigianato,Cama Ceramiche Artistiche,Pescopennataro (IS),340 1914185,camalaceramicheartistiche@gmail.com,@camalaceramiche,new,
535,artigianato,Meda Orafi,Milano (MI),02 86450125,info@medaorafi.it,@medaorafi,new,
536,artigianato,Ansuini,Roma (RM),06 68806909,info@ansuini.it,@ansuini1860,new,
537,artigianato,Damiano Damiani Gioielli,Roma (RM),06 8713 8412,info@damianodamianigioielli.it,@damianodamianigioielli,new,
538,artigianato,Consorzio Antico Borgo Orefici,Napoli (NA),081 260500,info@borgorefici.it,@borgo_orefici,new,
539,artigianato,MC Leather,Venezia (VE),331 5619107,marcomammozzo99@gmail.com,@mcleather_venezia,new,
540,artigianato,Pelle Nuda Milano,Milano (MI),02 09957319,pellenuda.milano@gmail.com,@pellenuda_milano,new,
541,artigianato,F.lli Sanvito SRL,Milano (MI),02 58314951,info@sanvitomilano.it,@sanvitomilano,new,
542,artigianato,Il Grifone Venezia,Venezia (VE),041 522 9452,info@ilgrifonevenezia.it,@ilgrifonevenezia,new,
543,artigianato,Siam 1838,Milano (MI),02 86450125,formazione@siam1838.it,@siam1838,new,
544,artigianato,Ceramica La Tornietta,Vietri sul Mare (SA),338 3198579,info@latornietta.it,@ceramicalatornietta,new,
545,artigianato,Ceramica Landi Giuseppe,Vietri sul Mare (SA),393 9396743,info@landigiuseppe.it,@ceramicalandigiuseppe,new,
546,artigianato,Ceramica L'Archetto,Vietri sul Mare (SA),347 5392490,info@ceramicamargherita.it,@ceramicalarchetto,new,
547,artigianato,Ceramica Pasquale & D. Liguori,Vietri sul Mare (SA),338 1389231,info@pasqualeliguori.it,@ceramicapasqualeeliguori,new,
548,artigianato,Ceramica Margherita,Vietri sul Mare (SA),335 1443043,info@ceramicamargherita.it,@ceramicamargherita,new,
549,artigianato,Ceramica Massimino,Vietri sul Mare (SA),389 1822383,info@ceramicamassimino.it,@ceramicamassimino,new,
550,artigianato,Ceramica Mediterraneanart,Vietri sul Mare (SA),340 3393868,info@mediterraneanart.it,@ceramicamediterraneanart,new,
551,d2c,Chiarli 1860,Modena (MO),059 316 3311,info@chiarli.it,@chiarli1860,new,
552,d2c,Cantina Masseria Torricella,Alberobello (BA),080 432 4001,info@masseriatorricella.it,@cantinamasseriatorricella,new,
553,d2c,Cantine Lenotti,Bardolino (VR),045 721 0484,info@lenotti.com,@cantinelenotti,new,
554,d2c,Gambino Winery,Linguaglossa (CT),095 227 4111,info@gambinowinery.com,@gambinowinery,new,
555,d2c,Cantina La Scolca,Gavi (AL),0143 682176,info@lascolca.it,@lascolca,new,
556,d2c,Direct From Italy,Milano (MI),02 8833 4111,info@directfromitaly.it,@directfromitaly,new,
557,d2c,Collistar Milano,Milano (MI),02 5432 1111,customerservice@collistar.it,@collistar,new,
558,d2c,Deborah Milano,Milano (MI),02 5432 2222,info@deborahgroup.it,@deborahmilano,new,
559,d2c,Debby Cosmetics,Milano (MI),02 5432 2222,info@deborahgroup.it,@debbythechameleon,new,
560,d2c,Bioetyc,Milano (MI),02 5432 2222,info@deborahgroup.it,@dermolab_official,new,
561,d2c,Dermolab,Milano (MI),02 5432 2222,info@deborahgroup.it,@dermolab_official,new,
562,d2c,Dyadema SRL,S. Zenone degli Ezzelini (TV),0423 969754,info@dyadema.it,@dyadema_official,new,
563,d2c,Neulabs,Milano (MI),02 8822 3111,info@neulabs.com,@neulabs_brand,new,
564,d2c,Parmalat,Collecchio (PR),0521 8081,info@parmalat.it,@parmalat,new,
565,d2c,Probios,Campi Bisenzio (FI),055 886931,info@probios.it,@probios,new,
566,d2c,Emma The Sleeping Company,Milano (MI),02 8295 2111,info@emma-materasso.it,@emmamaterasso,new,
567,d2c,Granarolo,Bologna (BO),051 4162111,info@granarolo.it,@granarolo,new,
568,d2c,Inalpi,Moretta (CN),0172 915111,info@inalpi.it,@inalpi_it,new,
569,d2c,Riso Scotti,Pavia (PV),0382 5081,info@risoscotti.it,@risoscottiofficial,new,
570,d2c,Giovanni Rana,S. Giovanni Lupatoto (VR),045 8292111,info@giovannirana.it,@giovannirana,new,
571,d2c,Chitè Lingerie,Milano (MI),02 8414 8411,info@chitemilano.it,@chite.milano,new,
572,d2c,Amor y Mezcal D2C,Milano (MI),0771 463121,info@amorymezcal.com,@amorymezcal,new,
573,d2c,Lanapo Sandali,Portofino (GE),0187 812121,info@lanapo.it,@lanapo_sandals,new,
574,d2c,Mariaelena Samperi D2C,Catania (CT),095 311223,info@mariaelenasamperi.com,@mariaelena_samperi,new,
575,d2c,Blazé Milano D2C,Milano (MI),02 3659 5511,info@blaze-milano.com,@blaze_milano,new,
576,d2c,Durazzi Milano D2C,Milano (MI),02 8909 2111,info@durazzimilano.com,@durazzimilano,new,
577,d2c,Institution D2C,Milano (MI),02 3658 2111,info@institution.it,@institution_milano,new,
578,d2c,Lorenzo Seghezzi D2C,Milano (MI),02 8456 1211,info@lorenzoseghezzi.com,@lorenzoseghezzi,new,
579,d2c,Domenico Orefice D2C,Milano (MI),02 4987 6211,info@domenicoorefice.it,@domenicoorefice_,new,
580,d2c,Bergie D2C,Milano (MI),02 5831 1122,info@bergie.it,@bergie_by_giorgiandreazza,new,
581,d2c,Gran Sasso,S. Egidio alla Vibrata (TE),0861 8461,info@gransasso.it,@gransasso_official,new,
582,d2c,Corneliani,Mantova (MN),0376 3041,info@corneliani.it,@corneliani_official,new,
583,d2c,Wesker,Napoli (NA),081 3048553,info@profumidinicchia.com,@wesker_perfumes,new,
584,d2c,Daniel Josier,Napoli (NA),081 3048553,info@profumidinicchia.com,@danieljosier,new,
585,d2c,Bravanariz,Napoli (NA),081 3048553,info@profumidinicchia.com,@bravanariz,new,
586,d2c,Vintia,Napoli (NA),081 3048553,info@profumidinicchia.com,@vintia_fragrance,new,
587,d2c,History in Drops,Napoli (NA),081 3048553,info@profumidinicchia.com,@historyindrops,new,
588,d2c,Giardini di Toscana,Firenzuola (FI),055 819123,info@giardiniditoscana.com,@giardiniditoscana,new,
589,d2c,Salum,Napoli (NA),081 3048553,info@profumidinicchia.com,@salum_parfums,new,
590,d2c,In Astra,Milano (MI),02 8833 2211,info@inastra.com,@inastra_parfums,new,
591,d2c,Royal Crown,Roma (RM),06 4433 1122,info@royalcrown.it,@royalcrownparfums,new,
592,d2c,Step Aboard,Milano (MI),02 8822 4433,info@stepaboard.it,@stepaboard,new,
593,d2c,Maison Tahité,Palestrina (RM),06 95469599,info@kaon.it,@maisontahite,new,
594,d2c,Laboratorio Olfattivo,Palestrina (RM),06 95469599,info@kaon.it,@laboratorioolfattivo,new,
595,d2c,Anthologie by L. Ferrero,Palestrina (RM),06 95469599,info@kaon.it,@lucienferreroparfums,new,
596,d2c,Puro Talco,Roma (RM),06 884 4111,officinadelleessenze.com,@officinadelleessenze,new,
597,d2c,Caldo Gourmand,Roma (RM),06 884 4111,officinadelleessenze.com,@officinadelleessenze,new,
598,d2c,Puro Lino,Roma (RM),06 884 4111,officinadelleessenze.com,@officinadelleessenze,new,
599,d2c,Puro Fico,Roma (RM),06 884 4111,officinadelleessenze.com,@officinadelleessenze,new,
600,d2c,Puro Neroli,Roma (RM),06 884 4111,officinadelleessenze.com,,new,